name,sequence,design_area,sequence_design,ss_8,ss_3,global_score,pLDDT
Dusp4_A,MVTMEELREMDCSVLKRLMNRDENGGGAGGSGSHGTLGLPSGGKCLLLDCRPFLAHSAGYILGSVNVRCNTIVRRRAKGSVSLEQILPAEEEVRARLRSGLYSAVIVYDERSPRAESLREDSTVSLVVQALRRNAERTDICLLKGGYERFSSEYPEFCSKTKALAAIPPPVPPSATEPLDLGCSSCGTPLHDQGGPVEILPFLYLGSAYHAARRDMLDALGITALLNVSSDCPNHFEGHYQYKCIPVEDNHKADISSWFMEAIEYIDAVKDCRGRVLVHCQAGISRSATICLAYLMMKKRVRLEEAFEFVKQRRSIISPNFSFMGQLLQFESQVLATSCAAEAASPSGPLRERGKTPATPTSQFVFSFPVSVGVHSAPSSLPYLHSPITTSPSC,346-394,PSGPLRERGKTPATPTSQFVFSFPVSVGVHSAPSSLPYLHSPITTSPSC,CCCCCCCCCCCCCCCCCCCCCCCCCCCCCCCCCCCCCCCCCCCCCCCCC,CCCCCCCCCCCCCCCCCCCCCCCCCCCCCCCCCCCCCCCCCCCCCCCCC,-,-
sample_0_0,MVTMEELREMDCSVLKRLMNRDENGGGAGGSGSHGTLGLPSGGKCLLLDCRPFLAHSAGYILGSVNVRCNTIVRRRAKGSVSLEQILPAEEEVRARLRSGLYSAVIVYDERSPRAESLREDSTVSLVVQALRRNAERTDICLLKGGYERFSSEYPEFCSKTKALAAIPPPVPPSATEPLDLGCSSCGTPLHDQGGPVEILPFLYLGSAYHAARRDMLDALGITALLNVSSDCPNHFEGHYQYKCIPVEDNHKADISSWFMEAIEYIDAVKDCRGRVLVHCQAGISRSATICLAYLMMKKRVRLEEAFEFVKQRRSIISPNFSFMGQLLQFESQVLATSCAAEAASPGGRFATTGDAPDMPENEFVKRVPVEEGRTDLVRENPELLAPLRKQPGG,346-394,PGGRFATTGDAPDMPENEFVKRVPVEEGRTDLVRENPELLAPLRKQPGG,TTCCCCCCCCCCCCCGGGSSCCCCCCCCCCCCCCCCGGGCCCCCCCCCC,CCCCCCCCCCCCCCCHHHCCCCCCCCCCCCCCCCCCHHHCCCCCCCCCC,1.6339,78.7538927507448
sample_0_1,MVTMEELREMDCSVLKRLMNRDENGGGAGGSGSHGTLGLPSGGKCLLLDCRPFLAHSAGYILGSVNVRCNTIVRRRAKGSVSLEQILPAEEEVRARLRSGLYSAVIVYDERSPRAESLREDSTVSLVVQALRRNAERTDICLLKGGYERFSSEYPEFCSKTKALAAIPPPVPPSATEPLDLGCSSCGTPLHDQGGPVEILPFLYLGSAYHAARRDMLDALGITALLNVSSDCPNHFEGHYQYKCIPVEDNHKADISSWFMEAIEYIDAVKDCRGRVLVHCQAGISRSATICLAYLMMKKRVRLEEAFEFVKQRRSIISPNFSFMGQLLQFESQVLATSCAAEAASPGGRFAVSGTAPDMPRNRFVELVPTEEGRENLVRRNPELLAPFRKSPGA,346-394,PGGRFAVSGTAPDMPRNRFVELVPTEEGRENLVRRNPELLAPFRKSPGA,TTCCCCCCSCCCCCCSCCCCCCCCCHHHHHHHHHHCGGGGCCCCCCCCC,CCCCCCCCCCCCCCCCCCCCCCCCCHHHHHHHHHHCHHHHCCCCCCCCC,1.6353,78.10486611570248
sample_0_2,MVTMEELREMDCSVLKRLMNRDENGGGAGGSGSHGTLGLPSGGKCLLLDCRPFLAHSAGYILGSVNVRCNTIVRRRAKGSVSLEQILPAEEEVRARLRSGLYSAVIVYDERSPRAESLREDSTVSLVVQALRRNAERTDICLLKGGYERFSSEYPEFCSKTKALAAIPPPVPPSATEPLDLGCSSCGTPLHDQGGPVEILPFLYLGSAYHAARRDMLDALGITALLNVSSDCPNHFEGHYQYKCIPVEDNHKADISSWFMEAIEYIDAVKDCRGRVLVHCQAGISRSATICLAYLMMKKRVRLEEAFEFVKQRRSIISPNFSFMGQLLQFESQVLATSCAAEAASPGGRFAVTGDAPDLPPNPFVAAVPTAEGVTDRVRRNPELLAPLRKSPGA,346-394,PGGRFAVTGDAPDLPPNPFVAAVPTAEGVTDRVRRNPELLAPLRKSPGA,TTCCCCCCCCCCCCCCCTTSCCCCCSSSSSSSSSSCGGGCCCCCCCCCC,CCCCCCCCCCCCCCCCCCCCCCCCCCCCCCCCCCCCHHHCCCCCCCCCC,1.6379,78.37704530313124
sample_0_3,MVTMEELREMDCSVLKRLMNRDENGGGAGGSGSHGTLGLPSGGKCLLLDCRPFLAHSAGYILGSVNVRCNTIVRRRAKGSVSLEQILPAEEEVRARLRSGLYSAVIVYDERSPRAESLREDSTVSLVVQALRRNAERTDICLLKGGYERFSSEYPEFCSKTKALAAIPPPVPPSATEPLDLGCSSCGTPLHDQGGPVEILPFLYLGSAYHAARRDMLDALGITALLNVSSDCPNHFEGHYQYKCIPVEDNHKADISSWFMEAIEYIDAVKDCRGRVLVHCQAGISRSATICLAYLMMKKRVRLEEAFEFVKQRRSIISPNFSFMGQLLQFESQVLATSCAAEAASPGGRFAKSGSAEDLPENRFVRLVPTDEGRTSLVAEDPELLAPLRKQPGA,346-394,PGGRFAKSGSAEDLPENRFVRLVPTDEGRTSLVAEDPELLAPLRKQPGA,TTCCCCCCCCCCSSCCCCCCCCCCCSSSCCCCCCCCCSSCCCCCCCCCC,CCCCCCCCCCCCCCCCCCCCCCCCCCCCCCCCCCCCCCCCCCCCCCCCC,1.6391,78.1846135986733
sample_0_4,MVTMEELREMDCSVLKRLMNRDENGGGAGGSGSHGTLGLPSGGKCLLLDCRPFLAHSAGYILGSVNVRCNTIVRRRAKGSVSLEQILPAEEEVRARLRSGLYSAVIVYDERSPRAESLREDSTVSLVVQALRRNAERTDICLLKGGYERFSSEYPEFCSKTKALAAIPPPVPPSATEPLDLGCSSCGTPLHDQGGPVEILPFLYLGSAYHAARRDMLDALGITALLNVSSDCPNHFEGHYQYKCIPVEDNHKADISSWFMEAIEYIDAVKDCRGRVLVHCQAGISRSATICLAYLMMKKRVRLEEAFEFVKQRRSIISPNFSFMGQLLQFESQVLATSCAAEAASPDGRFAKTGDAEDLPESPFVRAVPTEEGRTDLVRRNPELLAPFRAAPGA,346-394,PDGRFAKTGDAEDLPESPFVRAVPTEEGRTDLVRRNPELLAPFRAAPGA,TTCCCCCCSCCCCCCCCGGGSCCCCGGGSSSTTSSCGGGCCCCCCCCCC,CCCCCCCCCCCCCCCCCHHHCCCCCHHHCCCCCCCCHHHCCCCCCCCCC,1.6427,78.40817820470355
sample_0_5,MVTMEELREMDCSVLKRLMNRDENGGGAGGSGSHGTLGLPSGGKCLLLDCRPFLAHSAGYILGSVNVRCNTIVRRRAKGSVSLEQILPAEEEVRARLRSGLYSAVIVYDERSPRAESLREDSTVSLVVQALRRNAERTDICLLKGGYERFSSEYPEFCSKTKALAAIPPPVPPSATEPLDLGCSSCGTPLHDQGGPVEILPFLYLGSAYHAARRDMLDALGITALLNVSSDCPNHFEGHYQYKCIPVEDNHKADISSWFMEAIEYIDAVKDCRGRVLVHCQAGISRSATICLAYLMMKKRVRLEEAFEFVKQRRSIISPNFSFMGQLLQFESQVLATSCAAEAASPGGRFARTGTAPDLPRNRFVELVPTEEGRTDRVRENPELLAPLRAQPGA,346-394,PGGRFARTGTAPDLPRNRFVELVPTEEGRTDRVRENPELLAPLRAQPGA,TTCCCCCCSCCCCCCSCCCCCCCCCCCCCCSCCCCCCCCCCCCCCCCCC,CCCCCCCCCCCCCCCCCCCCCCCCCCCCCCCCCCCCCCCCCCCCCCCCC,1.643,78.7770049586777
sample_0_6,MVTMEELREMDCSVLKRLMNRDENGGGAGGSGSHGTLGLPSGGKCLLLDCRPFLAHSAGYILGSVNVRCNTIVRRRAKGSVSLEQILPAEEEVRARLRSGLYSAVIVYDERSPRAESLREDSTVSLVVQALRRNAERTDICLLKGGYERFSSEYPEFCSKTKALAAIPPPVPPSATEPLDLGCSSCGTPLHDQGGPVEILPFLYLGSAYHAARRDMLDALGITALLNVSSDCPNHFEGHYQYKCIPVEDNHKADISSWFMEAIEYIDAVKDCRGRVLVHCQAGISRSATICLAYLMMKKRVRLEEAFEFVKQRRSIISPNFSFMGQLLQFESQVLATSCAAEAASPDGRYAVTGTAPDMPENRFVRSVPTEEGRTSLVAENPELLAPLRASPGA,346-394,PDGRYAVTGTAPDMPENRFVRSVPTEEGRTSLVAENPELLAPLRASPGA,SCTTCCCCCCCCCCCCCCCCCCCCCCCCCCCCCCCCCCCCCCCCCCCCC,CCCCCCCCCCCCCCCCCCCCCCCCCCCCCCCCCCCCCCCCCCCCCCCCC,1.6448,79.05163455149501
sample_0_7,MVTMEELREMDCSVLKRLMNRDENGGGAGGSGSHGTLGLPSGGKCLLLDCRPFLAHSAGYILGSVNVRCNTIVRRRAKGSVSLEQILPAEEEVRARLRSGLYSAVIVYDERSPRAESLREDSTVSLVVQALRRNAERTDICLLKGGYERFSSEYPEFCSKTKALAAIPPPVPPSATEPLDLGCSSCGTPLHDQGGPVEILPFLYLGSAYHAARRDMLDALGITALLNVSSDCPNHFEGHYQYKCIPVEDNHKADISSWFMEAIEYIDAVKDCRGRVLVHCQAGISRSATICLAYLMMKKRVRLEEAFEFVKQRRSIISPNFSFMGQLLQFESQVLATSCAAEAASPGGRFARTGSAPDMPESPFVKSVPTEKGRKNLVKKNPELLAPFRKQPGA,346-394,PGGRFARTGSAPDMPESPFVKSVPTEKGRKNLVKKNPELLAPFRKQPGA,TTCCCCCCSCCCCCCCCTTCCCCCCCCCCCSCCCCCCCCCCCCCCCCCC,CCCCCCCCCCCCCCCCCCCCCCCCCCCCCCCCCCCCCCCCCCCCCCCCC,1.6449,78.57192842942347
sample_0_8,MVTMEELREMDCSVLKRLMNRDENGGGAGGSGSHGTLGLPSGGKCLLLDCRPFLAHSAGYILGSVNVRCNTIVRRRAKGSVSLEQILPAEEEVRARLRSGLYSAVIVYDERSPRAESLREDSTVSLVVQALRRNAERTDICLLKGGYERFSSEYPEFCSKTKALAAIPPPVPPSATEPLDLGCSSCGTPLHDQGGPVEILPFLYLGSAYHAARRDMLDALGITALLNVSSDCPNHFEGHYQYKCIPVEDNHKADISSWFMEAIEYIDAVKDCRGRVLVHCQAGISRSATICLAYLMMKKRVRLEEAFEFVKQRRSIISPNFSFMGQLLQFESQVLATSCAAEAASPGGRFARTGSARDMPPNAFVARVPTAAGRTHLVRENPELLAPLRASPGA,346-394,PGGRFARTGSARDMPPNAFVARVPTAAGRTHLVRENPELLAPLRASPGA,TTCCCCCCSCCCCCCTTCCCCCCCCCCCCCCCCCCCCTTCCCCCCCCCC,CCCCCCCCCCCCCCCCCCCCCCCCCCCCCCCCCCCCCCCCCCCCCCCCC,1.6464,78.58487520798668
sample_0_9,MVTMEELREMDCSVLKRLMNRDENGGGAGGSGSHGTLGLPSGGKCLLLDCRPFLAHSAGYILGSVNVRCNTIVRRRAKGSVSLEQILPAEEEVRARLRSGLYSAVIVYDERSPRAESLREDSTVSLVVQALRRNAERTDICLLKGGYERFSSEYPEFCSKTKALAAIPPPVPPSATEPLDLGCSSCGTPLHDQGGPVEILPFLYLGSAYHAARRDMLDALGITALLNVSSDCPNHFEGHYQYKCIPVEDNHKADISSWFMEAIEYIDAVKDCRGRVLVHCQAGISRSATICLAYLMMKKRVRLEEAFEFVKQRRSIISPNFSFMGQLLQFESQVLATSCAAEAASPDGRFARTGDAPDMPPSPFSEAVPTEEGRTHRVRENPELLAPLRKSPGA,346-394,PDGRFARTGDAPDMPPSPFSEAVPTEEGRTHRVRENPELLAPLRKSPGA,SCCCCCCCCSCCCCCCCTTCSCCCCCCCCCCCCCCCCCCCCCCCCCCCC,CCCCCCCCCCCCCCCCCCCCCCCCCCCCCCCCCCCCCCCCCCCCCCCCC,1.6466,79.46197416363033
